{"cameraMode":{"drawMode":0,"name":"Shaded","section":"Shading Mode"},"sceneLighting":true,"audioPlay":false,"sceneViewState":{"showFog":true,"showMaterialUpdate":false,"showSkybox":true,"showFlares":true,"showImageEffects":true,"showParticleSystems":true},"in2DMode":false,"pivot":{"x":-2.3708248138427736,"y":-2.0366039276123049,"z":-0.4868297576904297},"rotation":{"x":-0.26709166169166567,"y":0.08658627420663834,"z":-0.024103378877043725,"w":-0.9594706892967224},"size":35.017181396484378,"orthographic":false}