{"cameraMode":{"drawMode":0,"name":"Shaded","section":"Shading Mode"},"sceneLighting":true,"audioPlay":false,"sceneViewState":{"showFog":true,"showMaterialUpdate":false,"showSkybox":true,"showFlares":true,"showImageEffects":true,"showParticleSystems":true},"in2DMode":false,"pivot":{"x":643.5115356445313,"y":234.8524169921875,"z":-44.002655029296878},"rotation":{"x":0.06331945210695267,"y":-0.2791086435317993,"z":-0.018447967246174814,"w":-0.9579920172691345},"size":268.6005554199219,"orthographic":false}